,index,mean_fit_time,std_fit_time,mean_score_time,std_score_time,param_reg__estimator,param_reg__estimator__alpha,param_reg__estimator__l1_ratio,param_reg__estimator__penalty,param_reg__estimator__C,param_reg__estimator__kernel,param_reg__estimator__algorithm,param_reg__estimator__n_neighbors,param_reg__estimator__p,param_reg__estimator__weights,param_reg__estimator__criterion,param_reg__estimator__max_depth,params,split0_test_score,split1_test_score,split2_test_score,split3_test_score,split4_test_score,mean_test_score,std_test_score,rank_test_score,model
0,0,0.12864675521850585,0.004048517571258031,0.03011212348937988,0.0030618310232494233,Ridge(),0.25,,,,,,,,,,,"{'reg__estimator': Ridge(), 'reg__estimator__alpha': 0.25}",-0.14026125316126,-0.16495738407761512,-0.1761144346729314,-0.13198139960843575,-0.1546172686622245,0.15358634803649335,0.016013805890523994,21,Ridge()
1,1,0.13980603218078613,0.022827151512856424,0.029198265075683592,0.0028148475604228033,Ridge(),0.5,,,,,,,,,,,"{'reg__estimator': Ridge(), 'reg__estimator__alpha': 0.5}",-0.13786220377414313,-0.1579432034731251,-0.17364074372543475,-0.12754700050978454,-0.14893201619643276,0.14918503353578405,0.015945295646998137,20,Ridge()
2,2,0.1633521556854248,0.0063630289954763,0.029373788833618165,0.0028999961621499547,Ridge(),0.75,,,,,,,,,,,"{'reg__estimator': Ridge(), 'reg__estimator__alpha': 0.75}",-0.13627875743970044,-0.15414155993460327,-0.1715140587166957,-0.12505576093656853,-0.14619605520140222,0.14663723844579404,0.015801417472417388,19,Ridge()
3,3,0.16079773902893066,0.007019040985599528,0.030628204345703125,0.002673141993745554,Ridge(),1.0,,,,,,,,,,,"{'reg__estimator': Ridge(), 'reg__estimator__alpha': 1.0}",-0.13484154356040937,-0.15124004990580706,-0.16969197432902816,-0.12320728100726543,-0.14407601237411205,0.14461137223532441,0.015664273062348685,18,Ridge()
4,4,0.16751327514648437,0.016973853227121638,0.029388236999511718,0.0036399954958270344,Ridge(),1.25,,,,,,,,,,,"{'reg__estimator': Ridge(), 'reg__estimator__alpha': 1.25}",-0.13381927043460026,-0.1495439597478652,-0.16862584092129912,-0.12188003731778468,-0.14221080399580183,0.14321598248347023,0.01568588753831796,17,Ridge()
5,5,0.1401057720184326,0.018243450601465833,0.03346762657165527,0.006708451719060159,Ridge(),1.5,,,,,,,,,,,"{'reg__estimator': Ridge(), 'reg__estimator__alpha': 1.5}",-0.13287486048515004,-0.14839021958792697,-0.16777617519032992,-0.12082692956102452,-0.14043662123404202,0.1420609612116947,0.015743181181851338,15,Ridge()
6,6,0.16399431228637695,0.022124900227886934,0.04529528617858887,0.01017937396141622,Ridge(),1.75,,,,,,,,,,,"{'reg__estimator': Ridge(), 'reg__estimator__alpha': 1.75}",-0.13255152152997013,-0.14725427946715508,-0.16705525819170244,-0.12004040475341242,-0.1391316322737414,0.14120661924319627,0.015696822945112935,14,Ridge()
7,7,0.1246556282043457,0.01830088861784418,0.04215574264526367,0.01880826223196183,Lasso(),0.25,,,,,,,,,,,"{'reg__estimator': Lasso(), 'reg__estimator__alpha': 0.25}",-0.3765685326121043,-0.35556961820003335,-0.35650268911986066,-0.3600179743771732,-0.40150359236991934,0.3700324813358181,0.017468089953530365,98,Lasso()
8,8,0.14845914840698243,0.014189498179872553,0.03434906005859375,0.013757048972741041,Lasso(),0.5,,,,,,,,,,,"{'reg__estimator': Lasso(), 'reg__estimator__alpha': 0.5}",-0.3985156517116995,-0.38169731457302497,-0.3820443165603743,-0.3848684089285877,-0.41932174437974845,0.39328948723068696,0.014399570115507293,102,Lasso()
9,9,0.12822413444519043,0.02538735321821817,0.045998430252075194,0.02951543784668756,Lasso(),0.75,,,,,,,,,,,"{'reg__estimator': Lasso(), 'reg__estimator__alpha': 0.75}",-0.3985156517116995,-0.38169731457302497,-0.3820443165603743,-0.3848684089285877,-0.41932174437974845,0.39328948723068696,0.014399570115507293,102,Lasso()
10,10,0.13615736961364747,0.025569867085834194,0.04802265167236328,0.019690205916366773,Lasso(),1.0,,,,,,,,,,,"{'reg__estimator': Lasso(), 'reg__estimator__alpha': 1.0}",-0.3985156517116995,-0.38169731457302497,-0.3820443165603743,-0.3848684089285877,-0.41932174437974845,0.39328948723068696,0.014399570115507293,102,Lasso()
11,11,0.1500798225402832,0.01446313456284359,0.03942084312438965,0.012990676562698391,Lasso(),1.25,,,,,,,,,,,"{'reg__estimator': Lasso(), 'reg__estimator__alpha': 1.25}",-0.3985156517116995,-0.38169731457302497,-0.3820443165603743,-0.3848684089285877,-0.41932174437974845,0.39328948723068696,0.014399570115507293,102,Lasso()
12,12,0.13680992126464844,0.021949655275461947,0.03168501853942871,0.004857751057786908,Lasso(),1.5,,,,,,,,,,,"{'reg__estimator': Lasso(), 'reg__estimator__alpha': 1.5}",-0.3985156517116995,-0.38169731457302497,-0.3820443165603743,-0.3848684089285877,-0.41932174437974845,0.39328948723068696,0.014399570115507293,102,Lasso()
13,13,0.21813979148864746,0.08914689406473486,0.07317643165588379,0.037883872794807864,Lasso(),1.75,,,,,,,,,,,"{'reg__estimator': Lasso(), 'reg__estimator__alpha': 1.75}",-0.3985156517116995,-0.38169731457302497,-0.3820443165603743,-0.3848684089285877,-0.41932174437974845,0.39328948723068696,0.014399570115507293,102,Lasso()
14,14,2.5609150886535645,0.10111177346498844,0.08070759773254395,0.04345484125345913,ElasticNet(),0.25,0.0,,,,,,,,,,"{'reg__estimator': ElasticNet(), 'reg__estimator__alpha': 0.25, 'reg__estimator__l1_ratio': 0.0}",-0.14649287510217918,-0.15961017799181934,-0.17580833146878913,-0.14260915951714523,-0.14397388224525337,0.15369888526503725,0.01259567605572471,22,ElasticNet()
15,15,0.2240041732788086,0.10906654424567715,0.03954935073852539,0.019620803813279353,ElasticNet(),0.25,0.25,,,,,,,,,,"{'reg__estimator': ElasticNet(), 'reg__estimator__alpha': 0.25, 'reg__estimator__l1_ratio': 0.25}",-0.2292614751175229,-0.23791260568448339,-0.24712631754017964,-0.24953329743521588,-0.23114934435106466,0.23899660802569328,0.008180970865335141,71,ElasticNet()
16,16,0.13427519798278809,0.03544069679226048,0.03414406776428223,0.01573839891136515,ElasticNet(),0.25,0.5,,,,,,,,,,"{'reg__estimator': ElasticNet(), 'reg__estimator__alpha': 0.25, 'reg__estimator__l1_ratio': 0.5}",-0.2742589789604468,-0.26708387911517706,-0.2695236713207445,-0.2807401330448039,-0.2803305350749074,0.2743874395032159,0.0055261530487888694,86,ElasticNet()
17,17,0.12820496559143066,0.026072511906428234,0.034820032119750974,0.015718666920396373,ElasticNet(),0.25,0.75,,,,,,,,,,"{'reg__estimator': ElasticNet(), 'reg__estimator__alpha': 0.25, 'reg__estimator__l1_ratio': 0.75}",-0.33156530437414145,-0.3094731636973405,-0.3104271764941809,-0.32093956810628704,-0.3436158500388244,0.32320421254215487,0.012988192860357201,94,ElasticNet()
18,18,1.8233368873596192,0.08579597626999985,0.026962804794311523,0.005824721378401104,ElasticNet(),0.5,0.0,,,,,,,,,,"{'reg__estimator': ElasticNet(), 'reg__estimator__alpha': 0.5, 'reg__estimator__l1_ratio': 0.0}",-0.15987773194842164,-0.16886241978311692,-0.1808418867486344,-0.15622901194261055,-0.15780894498095008,0.16472399908074672,0.009169317461867268,25,ElasticNet()
19,19,0.12952251434326173,0.026701512338873003,0.033383750915527345,0.012081881343014134,ElasticNet(),0.5,0.25,,,,,,,,,,"{'reg__estimator': ElasticNet(), 'reg__estimator__alpha': 0.5, 'reg__estimator__l1_ratio': 0.25}",-0.2851512434616808,-0.2772871671756368,-0.2779596695989549,-0.2889165224198998,-0.294790099626011,0.2848209404564367,0.0066347841542773395,88,ElasticNet()
20,20,0.11973881721496582,0.0194899236581029,0.027770566940307616,0.004002870613132775,ElasticNet(),0.5,0.5,,,,,,,,,,"{'reg__estimator': ElasticNet(), 'reg__estimator__alpha': 0.5, 'reg__estimator__l1_ratio': 0.5}",-0.3808586375314488,-0.3596758123453334,-0.3614129240821867,-0.3647857575974921,-0.4050283725678235,0.3743523008248569,0.017074538522715958,100,ElasticNet()
21,21,0.1381826877593994,0.031218272804838472,0.04010300636291504,0.009354722263648555,ElasticNet(),0.5,0.75,,,,,,,,,,"{'reg__estimator': ElasticNet(), 'reg__estimator__alpha': 0.5, 'reg__estimator__l1_ratio': 0.75}",-0.3985156517116995,-0.38169731457302497,-0.3820443165603743,-0.3848684089285877,-0.41932174437974845,0.39328948723068696,0.014399570115507293,102,ElasticNet()
22,22,2.0724844932556152,0.14950493418261226,0.024139213562011718,0.0024148388100706736,ElasticNet(),0.75,0.0,,,,,,,,,,"{'reg__estimator': ElasticNet(), 'reg__estimator__alpha': 0.75, 'reg__estimator__l1_ratio': 0.0}",-0.1699809563395533,-0.175637473063713,-0.18477936530659278,-0.1661379319731599,-0.1691118169033385,0.1731295087172715,0.006587054253162872,36,ElasticNet()
23,23,0.1237865924835205,0.032103079150464627,0.02923417091369629,0.008480781189237842,ElasticNet(),0.75,0.25,,,,,,,,,,"{'reg__estimator': ElasticNet(), 'reg__estimator__alpha': 0.75, 'reg__estimator__l1_ratio': 0.25}",-0.3435037816301106,-0.3237299990065393,-0.3237163212219462,-0.33311047960578993,-0.35976681005231487,0.3367654783033402,0.013623723650025114,95,ElasticNet()
24,24,0.1288203239440918,0.01994753216670103,0.030684709548950195,0.005763120189650298,ElasticNet(),0.75,0.5,,,,,,,,,,"{'reg__estimator': ElasticNet(), 'reg__estimator__alpha': 0.75, 'reg__estimator__l1_ratio': 0.5}",-0.3985156517116995,-0.38169731457302497,-0.3820443165603743,-0.3848684089285877,-0.41932174437974845,0.39328948723068696,0.014399570115507293,102,ElasticNet()
25,25,0.1126929759979248,0.018280093888319315,0.029846000671386718,0.00896859688967475,ElasticNet(),0.75,0.75,,,,,,,,,,"{'reg__estimator': ElasticNet(), 'reg__estimator__alpha': 0.75, 'reg__estimator__l1_ratio': 0.75}",-0.3985156517116995,-0.38169731457302497,-0.3820443165603743,-0.3848684089285877,-0.41932174437974845,0.39328948723068696,0.014399570115507293,102,ElasticNet()
26,26,1.8865592002868652,0.06266108858814896,0.023247480392456055,0.0033031637728175318,ElasticNet(),1.0,0.0,,,,,,,,,,"{'reg__estimator': ElasticNet(), 'reg__estimator__alpha': 1.0, 'reg__estimator__l1_ratio': 0.0}",-0.1786894237200704,-0.18158694309321483,-0.1886708233581696,-0.1745626795010032,-0.17911446898090005,0.1805248677306716,0.004655971756707568,40,ElasticNet()
27,27,0.10631332397460938,0.020665368362452002,0.038489246368408205,0.02127816348109229,ElasticNet(),1.0,0.25,,,,,,,,,,"{'reg__estimator': ElasticNet(), 'reg__estimator__alpha': 1.0, 'reg__estimator__l1_ratio': 0.25}",-0.3858243882409138,-0.3648071737940788,-0.36710220149227385,-0.3703632162088329,-0.4090810691517377,0.3794356097775674,0.016541355301667924,101,ElasticNet()
28,28,0.11164822578430175,0.02995092497858537,0.02673206329345703,0.005810037076789673,ElasticNet(),1.0,0.5,,,,,,,,,,"{'reg__estimator': ElasticNet(), 'reg__estimator__alpha': 1.0, 'reg__estimator__l1_ratio': 0.5}",-0.3985156517116995,-0.38169731457302497,-0.3820443165603743,-0.3848684089285877,-0.41932174437974845,0.39328948723068696,0.014399570115507293,102,ElasticNet()
29,29,0.14418888092041016,0.027316633048086913,0.04736270904541016,0.02109929379761211,ElasticNet(),1.0,0.75,,,,,,,,,,"{'reg__estimator': ElasticNet(), 'reg__estimator__alpha': 1.0, 'reg__estimator__l1_ratio': 0.75}",-0.3985156517116995,-0.38169731457302497,-0.3820443165603743,-0.3848684089285877,-0.41932174437974845,0.39328948723068696,0.014399570115507293,102,ElasticNet()
30,30,1.9999564170837403,0.12063344032811718,0.026358747482299806,0.00482489191270551,ElasticNet(),1.25,0.0,,,,,,,,,,"{'reg__estimator': ElasticNet(), 'reg__estimator__alpha': 1.25, 'reg__estimator__l1_ratio': 0.0}",-0.18658342286432605,-0.18717115371548598,-0.192700043753922,-0.1821553700448193,-0.1882561142690096,0.18737322092951259,0.0033777247386141047,41,ElasticNet()
31,31,0.10530509948730468,0.015555386328548906,0.03466143608093262,0.017954979492453723,ElasticNet(),1.25,0.25,,,,,,,,,,"{'reg__estimator': ElasticNet(), 'reg__estimator__alpha': 1.25, 'reg__estimator__l1_ratio': 0.25}",-0.3985156517116995,-0.38169731457302497,-0.3820443165603743,-0.3848684089285877,-0.41932174437974845,0.39328948723068696,0.014399570115507293,102,ElasticNet()
32,32,0.10557222366333008,0.01555318422506973,0.02656846046447754,0.0053378077092272125,ElasticNet(),1.25,0.5,,,,,,,,,,"{'reg__estimator': ElasticNet(), 'reg__estimator__alpha': 1.25, 'reg__estimator__l1_ratio': 0.5}",-0.3985156517116995,-0.38169731457302497,-0.3820443165603743,-0.3848684089285877,-0.41932174437974845,0.39328948723068696,0.014399570115507293,102,ElasticNet()
33,33,0.12478275299072265,0.025802303580653465,0.03049159049987793,0.007178692494047501,ElasticNet(),1.25,0.75,,,,,,,,,,"{'reg__estimator': ElasticNet(), 'reg__estimator__alpha': 1.25, 'reg__estimator__l1_ratio': 0.75}",-0.3985156517116995,-0.38169731457302497,-0.3820443165603743,-0.3848684089285877,-0.41932174437974845,0.39328948723068696,0.014399570115507293,102,ElasticNet()
34,34,1.743321990966797,0.2031132402101908,0.02219047546386719,0.0012667122664308797,ElasticNet(),1.5,0.0,,,,,,,,,,"{'reg__estimator': ElasticNet(), 'reg__estimator__alpha': 1.5, 'reg__estimator__l1_ratio': 0.0}",-0.1938949558915429,-0.19253726776935773,-0.19686162841644322,-0.18916916201534442,-0.1967286489774417,0.193838332614026,0.0028632630404740326,42,ElasticNet()
35,35,0.11310243606567383,0.016643728782816634,0.0298128604888916,0.007969614713737081,ElasticNet(),1.5,0.25,,,,,,,,,,"{'reg__estimator': ElasticNet(), 'reg__estimator__alpha': 1.5, 'reg__estimator__l1_ratio': 0.25}",-0.3985156517116995,-0.38169731457302497,-0.3820443165603743,-0.3848684089285877,-0.41932174437974845,0.39328948723068696,0.014399570115507293,102,ElasticNet()
36,36,0.11572432518005371,0.01743938866165419,0.034487152099609376,0.006597534609704554,ElasticNet(),1.5,0.5,,,,,,,,,,"{'reg__estimator': ElasticNet(), 'reg__estimator__alpha': 1.5, 'reg__estimator__l1_ratio': 0.5}",-0.3985156517116995,-0.38169731457302497,-0.3820443165603743,-0.3848684089285877,-0.41932174437974845,0.39328948723068696,0.014399570115507293,102,ElasticNet()
37,37,0.17925949096679689,0.06417300393072341,0.053976583480834964,0.036841013032816644,ElasticNet(),1.5,0.75,,,,,,,,,,"{'reg__estimator': ElasticNet(), 'reg__estimator__alpha': 1.5, 'reg__estimator__l1_ratio': 0.75}",-0.3985156517116995,-0.38169731457302497,-0.3820443165603743,-0.3848684089285877,-0.41932174437974845,0.39328948723068696,0.014399570115507293,102,ElasticNet()
38,38,1.8481204509735107,0.13722759425996522,0.027854156494140626,0.006300005800088338,ElasticNet(),1.75,0.0,,,,,,,,,,"{'reg__estimator': ElasticNet(), 'reg__estimator__alpha': 1.75, 'reg__estimator__l1_ratio': 0.0}",-0.2007347918166996,-0.19772950625022367,-0.20110498703048352,-0.19572192227809732,-0.20463360527476784,0.19998496253005438,0.003055721630930522,43,ElasticNet()
39,39,0.10938701629638672,0.02265918833841892,0.022799348831176756,0.0010629658123202399,ElasticNet(),1.75,0.25,,,,,,,,,,"{'reg__estimator': ElasticNet(), 'reg__estimator__alpha': 1.75, 'reg__estimator__l1_ratio': 0.25}",-0.3985156517116995,-0.38169731457302497,-0.3820443165603743,-0.3848684089285877,-0.41932174437974845,0.39328948723068696,0.014399570115507293,102,ElasticNet()
40,40,0.10376524925231934,0.016331151250186783,0.03154468536376953,0.009598336125163616,ElasticNet(),1.75,0.5,,,,,,,,,,"{'reg__estimator': ElasticNet(), 'reg__estimator__alpha': 1.75, 'reg__estimator__l1_ratio': 0.5}",-0.3985156517116995,-0.38169731457302497,-0.3820443165603743,-0.3848684089285877,-0.41932174437974845,0.39328948723068696,0.014399570115507293,102,ElasticNet()
41,41,0.12255253791809081,0.012040813927150817,0.03134465217590332,0.007020412200083015,ElasticNet(),1.75,0.75,,,,,,,,,,"{'reg__estimator': ElasticNet(), 'reg__estimator__alpha': 1.75, 'reg__estimator__l1_ratio': 0.75}",-0.3985156517116995,-0.38169731457302497,-0.3820443165603743,-0.3848684089285877,-0.41932174437974845,0.39328948723068696,0.014399570115507293,102,ElasticNet()
42,42,0.1394524097442627,0.014487760389727508,0.029381752014160156,0.007044987313049416,SGDRegressor(),0.0001,,l1,,,,,,,,,"{'reg__estimator': SGDRegressor(), 'reg__estimator__alpha': 0.0001, 'reg__estimator__penalty': 'l1'}",-0.24897993562243634,-0.26570638580572026,-0.25965581954138384,-0.23088726757683842,-0.258536288453088,0.25275313939989336,0.0121756463145555,76,SGDRegressor()
43,43,0.11311731338500977,0.018055803075152317,0.029935026168823244,0.00720628160648354,SGDRegressor(),0.0001,,l2,,,,,,,,,"{'reg__estimator': SGDRegressor(), 'reg__estimator__alpha': 0.0001, 'reg__estimator__penalty': 'l2'}",-0.2424109894513896,-0.2606595314759378,-0.252897456965498,-0.23284505900146993,-0.26300469789532255,0.2503635469579236,0.011334613229562958,72,SGDRegressor()
44,44,0.1985703945159912,0.019520876616583215,0.04484710693359375,0.004785114393044344,SGDRegressor(),0.0001,,elasticnet,,,,,,,,,"{'reg__estimator': SGDRegressor(), 'reg__estimator__alpha': 0.0001, 'reg__estimator__penalty': 'elasticnet'}",-0.2494099065380127,-0.28250982830681015,-0.2543528552243921,-0.22841498182156966,-0.2544320844192268,0.2538239312620023,0.017254730516680934,78,SGDRegressor()
45,45,0.1290557861328125,0.019025386232346824,0.03109440803527832,0.00707617795737078,SGDRegressor(),0.0003,,l1,,,,,,,,,"{'reg__estimator': SGDRegressor(), 'reg__estimator__alpha': 0.0003, 'reg__estimator__penalty': 'l1'}",-0.24762992505765408,-0.2678721054294955,-0.26117670603445037,-0.2361310320333086,-0.26529312293219653,0.255620578297421,0.011985170378338772,80,SGDRegressor()
46,46,0.1366945743560791,0.019380163440359546,0.0439490795135498,0.014394795740887704,SGDRegressor(),0.0003,,l2,,,,,,,,,"{'reg__estimator': SGDRegressor(), 'reg__estimator__alpha': 0.0003, 'reg__estimator__penalty': 'l2'}",-0.25271765051440825,-0.2658319355187022,-0.2525492241332454,-0.23544490060236373,-0.2503863336295479,0.25138600887965346,0.009663637196670087,73,SGDRegressor()
47,47,0.13710594177246094,0.01945880609171473,0.03870697021484375,0.01962762240938392,SGDRegressor(),0.0003,,elasticnet,,,,,,,,,"{'reg__estimator': SGDRegressor(), 'reg__estimator__alpha': 0.0003, 'reg__estimator__penalty': 'elasticnet'}",-0.2425420834731797,-0.2651876309210327,-0.259347985084837,-0.22910562247604616,-0.2631188454781827,0.25186043348665565,0.013892750138568364,74,SGDRegressor()
48,48,0.1550286293029785,0.0159582959631361,0.03429388999938965,0.008397736808370351,SGDRegressor(),0.001,,l1,,,,,,,,,"{'reg__estimator': SGDRegressor(), 'reg__estimator__alpha': 0.001, 'reg__estimator__penalty': 'l1'}",-0.2593759327095185,-0.2827750866081528,-0.2729290043761247,-0.23895935597024942,-0.2781343038524626,0.26643473670330164,0.01581635659275421,84,SGDRegressor()
49,49,0.14311294555664061,0.0184062834338249,0.02900385856628418,0.00518042486618242,SGDRegressor(),0.001,,l2,,,,,,,,,"{'reg__estimator': SGDRegressor(), 'reg__estimator__alpha': 0.001, 'reg__estimator__penalty': 'l2'}",-0.250693606506566,-0.26737798434581034,-0.2533853121516065,-0.23712150746284272,-0.26228489614732586,0.2541726613228303,0.010427410983345512,79,SGDRegressor()
50,50,0.1580972194671631,0.012355874137168073,0.03453593254089356,0.009401890349697592,SGDRegressor(),0.001,,elasticnet,,,,,,,,,"{'reg__estimator': SGDRegressor(), 'reg__estimator__alpha': 0.001, 'reg__estimator__penalty': 'elasticnet'}",-0.24429569362188228,-0.26932075655470383,-0.24985978006930676,-0.2393509212380722,-0.25857215368720343,0.2522798610342337,0.010646560687548075,75,SGDRegressor()
51,51,0.14059200286865234,0.02575938234706952,0.028980588912963866,0.005598854718857651,SGDRegressor(),0.003,,l1,,,,,,,,,"{'reg__estimator': SGDRegressor(), 'reg__estimator__alpha': 0.003, 'reg__estimator__penalty': 'l1'}",-0.2813490426814951,-0.31212315998361295,-0.29551928003930883,-0.27102041518070524,-0.30982187296246727,0.2939667541695179,0.015932302512728647,90,SGDRegressor()
52,52,0.13975224494934083,0.03552717967384862,0.03111433982849121,0.007274750177217811,SGDRegressor(),0.003,,l2,,,,,,,,,"{'reg__estimator': SGDRegressor(), 'reg__estimator__alpha': 0.003, 'reg__estimator__penalty': 'l2'}",-0.2466052453242626,-0.2646262054620892,-0.26147739815233473,-0.23474035201571417,-0.26106435739729916,0.25370271167034,0.011348192865174913,77,SGDRegressor()
53,53,0.1228102684020996,0.011598900068132053,0.027660083770751954,0.00237497878657818,SGDRegressor(),0.003,,elasticnet,,,,,,,,,"{'reg__estimator': SGDRegressor(), 'reg__estimator__alpha': 0.003, 'reg__estimator__penalty': 'elasticnet'}",-0.2540487684518539,-0.272749586175349,-0.25911422991246996,-0.24897650017769343,-0.26552510470592305,0.26008283788465786,0.008375723407543919,81,SGDRegressor()
54,54,0.16230149269104005,0.013104797675992081,0.027915334701538085,0.00551823727286171,SGDRegressor(),0.007,,l1,,,,,,,,,"{'reg__estimator': SGDRegressor(), 'reg__estimator__alpha': 0.007, 'reg__estimator__penalty': 'l1'}",-0.31591959458754304,-0.36177535634187674,-0.33873769608749565,-0.32024321712867554,-0.35366120501190373,0.3380674138314989,0.017966134949510076,96,SGDRegressor()
55,55,0.1472498893737793,0.0054632018353265146,0.026530885696411134,0.0021229431658050402,SGDRegressor(),0.007,,l2,,,,,,,,,"{'reg__estimator': SGDRegressor(), 'reg__estimator__alpha': 0.007, 'reg__estimator__penalty': 'l2'}",-0.25590106907819005,-0.2836773955396897,-0.26791049478028095,-0.23872042679198438,-0.2689125910807109,0.2630243954541712,0.015010102586489845,82,SGDRegressor()
56,56,0.1638211727142334,0.009909177664427792,0.026275825500488282,0.0024508099315755975,SGDRegressor(),0.007,,elasticnet,,,,,,,,,"{'reg__estimator': SGDRegressor(), 'reg__estimator__alpha': 0.007, 'reg__estimator__penalty': 'elasticnet'}",-0.2723724126294467,-0.28927825977225136,-0.2695994918218491,-0.25367146427536275,-0.2764764497694941,0.2722796156536808,0.011489319311573957,85,SGDRegressor()
57,57,0.14725689888000487,0.010312284159827602,0.029509592056274413,0.002820942587148732,SGDRegressor(),0.01,,l1,,,,,,,,,"{'reg__estimator': SGDRegressor(), 'reg__estimator__alpha': 0.01, 'reg__estimator__penalty': 'l1'}",-0.3388444260470429,-0.4015897413914397,-0.3616560938887463,-0.37237758821061495,-0.38912155540517746,0.37271788098860426,0.02178327220681539,99,SGDRegressor()
58,58,0.15957002639770507,0.014799982181480792,0.03129343986511231,0.004281108306649166,SGDRegressor(),0.01,,l2,,,,,,,,,"{'reg__estimator': SGDRegressor(), 'reg__estimator__alpha': 0.01, 'reg__estimator__penalty': 'l2'}",-0.259470870643587,-0.2789917793763365,-0.2655848446699621,-0.23984782725893217,-0.27523552758954367,0.26382616990767227,0.013836124009624676,83,SGDRegressor()
59,59,0.14383835792541505,0.02013403208161478,0.03472256660461426,0.0067921797609493,SGDRegressor(),0.01,,elasticnet,,,,,,,,,"{'reg__estimator': SGDRegressor(), 'reg__estimator__alpha': 0.01, 'reg__estimator__penalty': 'elasticnet'}",-0.2675347435590294,-0.3024073743937395,-0.286101284403152,-0.25984997184031855,-0.29717436580998313,0.28261354800124455,0.016501684924670842,87,SGDRegressor()
60,60,0.1521604061126709,0.016047302510405714,0.03293304443359375,0.007311338204376646,SGDRegressor(),0.03,,l1,,,,,,,,,"{'reg__estimator': SGDRegressor(), 'reg__estimator__alpha': 0.03, 'reg__estimator__penalty': 'l1'}",-0.4442429466954373,-0.4273195503700855,-0.428803327075052,-0.45180552822486886,-0.5097355669002661,0.4523813838531419,0.030133331515253436,123,SGDRegressor()
61,61,0.1252971649169922,0.01664635241359651,0.05136837959289551,0.012606110123113754,SGDRegressor(),0.03,,l2,,,,,,,,,"{'reg__estimator': SGDRegressor(), 'reg__estimator__alpha': 0.03, 'reg__estimator__penalty': 'l2'}",-0.28568812990461484,-0.2990214647931922,-0.28700079289669017,-0.26512672224412404,-0.3116625608078171,0.2896999341292877,0.015469134322400359,89,SGDRegressor()
62,62,0.13714938163757323,0.016273025474326578,0.03725342750549317,0.008935257333316718,SGDRegressor(),0.03,,elasticnet,,,,,,,,,"{'reg__estimator': SGDRegressor(), 'reg__estimator__alpha': 0.03, 'reg__estimator__penalty': 'elasticnet'}",-0.3294259861692205,-0.36828084705998376,-0.3356358732114826,-0.3392137243962663,-0.3616608968171321,0.3468434655308171,0.015272912357766148,97,SGDRegressor()
63,63,0.6037956714630127,0.04229952658710073,0.055568361282348634,0.007203549757908602,SVR(C=0.75),,,,0.25,linear,,,,,,,"{'reg__estimator': SVR(C=0.75), 'reg__estimator__C': 0.25, 'reg__estimator__kernel': 'linear'}",-0.1448604480062399,-0.16144443984931012,-0.18031708755016498,-0.13527016336066525,-0.15248202958555662,0.15487483367038735,0.015367657839767021,23,SVR(C=0.75)
64,64,0.2403801441192627,0.030881075623177486,0.06059122085571289,0.012423401579530579,SVR(C=0.75),,,,0.25,poly,,,,,,,"{'reg__estimator': SVR(C=0.75), 'reg__estimator__C': 0.25, 'reg__estimator__kernel': 'poly'}",-0.1385003822707925,-0.15167000224228636,-0.1544609512279301,-0.1308325798031292,-0.1395638181933474,0.14300554674749713,0.008793431724449699,16,SVR(C=0.75)
65,65,0.2588038921356201,0.017667220386727276,0.05522551536560059,0.006329639970867521,SVR(C=0.75),,,,0.25,rbf,,,,,,,"{'reg__estimator': SVR(C=0.75), 'reg__estimator__C': 0.25, 'reg__estimator__kernel': 'rbf'}",-0.14102806602583892,-0.1430352680305529,-0.13204932293572313,-0.12833446671191265,-0.14949884387723694,0.1387891935162529,0.007648077898993637,7,SVR(C=0.75)
66,66,0.40490474700927737,0.01198850672966373,0.07770867347717285,0.0054395283131112955,SVR(C=0.75),,,,0.25,sigmoid,,,,,,,"{'reg__estimator': SVR(C=0.75), 'reg__estimator__C': 0.25, 'reg__estimator__kernel': 'sigmoid'}",-0.39106819859540093,-0.4068750547142136,-0.47352761885344274,-0.3730655727640773,-0.34704245903860925,0.3983157807931487,0.042542063258456886,122,SVR(C=0.75)
67,67,1.2082647800445556,0.13140366165241352,0.05986719131469727,0.00676195143366138,SVR(C=0.75),,,,0.5,linear,,,,,,,"{'reg__estimator': SVR(C=0.75), 'reg__estimator__C': 0.5, 'reg__estimator__kernel': 'linear'}",-0.14995468668955403,-0.17652282415943557,-0.18449008415240833,-0.14700216963142934,-0.1634592918119533,0.16428581128895609,0.014579064864444215,24,SVR(C=0.75)
68,68,0.21975207328796387,0.020838270551596632,0.05629620552062988,0.008018624168439915,SVR(C=0.75),,,,0.5,poly,,,,,,,"{'reg__estimator': SVR(C=0.75), 'reg__estimator__C': 0.5, 'reg__estimator__kernel': 'poly'}",-0.13676274938565447,-0.15219262512235987,-0.1415472390230351,-0.12868529946184717,-0.13778948010636904,0.13939547861985313,0.007650038738226425,8,SVR(C=0.75)
69,69,0.23719534873962403,0.010661387825906006,0.055228471755981445,0.006786503064292422,SVR(C=0.75),,,,0.5,rbf,,,,,,,"{'reg__estimator': SVR(C=0.75), 'reg__estimator__C': 0.5, 'reg__estimator__kernel': 'rbf'}",-0.13656093242880188,-0.13962344605180202,-0.1311892774001253,-0.12424265799341405,-0.14164566981605434,0.1346523967380395,0.0062867410378740956,2,SVR(C=0.75)
70,70,0.4012136936187744,0.007329651448489462,0.09771218299865722,0.014846452944485207,SVR(C=0.75),,,,0.5,sigmoid,,,,,,,"{'reg__estimator': SVR(C=0.75), 'reg__estimator__C': 0.5, 'reg__estimator__kernel': 'sigmoid'}",-0.8219610543167015,-0.8638271055663883,-1.0771612511528743,-0.7662769043673396,-0.7294979493587026,0.8517448529524014,0.12173305528134923,124,SVR(C=0.75)
71,71,2.1413033962249757,0.8353880623549428,0.05568680763244629,0.006239569793980063,SVR(C=0.75),,,,0.75,linear,,,,,,,"{'reg__estimator': SVR(C=0.75), 'reg__estimator__C': 0.75, 'reg__estimator__kernel': 'linear'}",-0.1534582902114504,-0.18269010661168933,-0.18702378877821452,-0.15173558166374598,-0.17022714461801794,0.16902698237662364,0.014514703636465214,31,SVR(C=0.75)
72,72,0.28412065505981443,0.07389319380134846,0.11143202781677246,0.05165542169676838,SVR(C=0.75),,,,0.75,poly,,,,,,,"{'reg__estimator': SVR(C=0.75), 'reg__estimator__C': 0.75, 'reg__estimator__kernel': 'poly'}",-0.13676650331170148,-0.15262327537898213,-0.1429906513479515,-0.12892028921733886,-0.13746648982453658,0.1397534418161021,0.007843740023205984,9,SVR(C=0.75)
73,73,0.4939483642578125,0.12496095374986531,0.1372371196746826,0.04054128220132511,SVR(C=0.75),,,,0.75,rbf,,,,,,,"{'reg__estimator': SVR(C=0.75), 'reg__estimator__C': 0.75, 'reg__estimator__kernel': 'rbf'}",-0.13558860830525823,-0.1400763217901939,-0.13161696944606244,-0.12243658210907228,-0.14147272703226207,0.13423824173656979,0.006846819472722048,1,SVR(C=0.75)
74,74,0.8583887100219727,0.27312168507366164,0.13128561973571778,0.03902080210971973,SVR(C=0.75),,,,0.75,sigmoid,,,,,,,"{'reg__estimator': SVR(C=0.75), 'reg__estimator__C': 0.75, 'reg__estimator__kernel': 'sigmoid'}",-1.2202599720017815,-1.3137584026007063,-1.6831668908887956,-1.123693523758406,-1.1173264791216293,1.2916410536742635,0.20855160553547006,125,SVR(C=0.75)
75,75,3.008702278137207,0.668536481567535,0.10698723793029785,0.048709281379225255,SVR(C=0.75),,,,1.0,linear,,,,,,,"{'reg__estimator': SVR(C=0.75), 'reg__estimator__C': 1.0, 'reg__estimator__kernel': 'linear'}",-0.15551015253975226,-0.18533156331159156,-0.1864948208337865,-0.15419891037881656,-0.17281558732889235,0.17087020687856785,0.013934900735226366,33,SVR(C=0.75)
76,76,0.35682072639465334,0.10497980432121215,0.06002063751220703,0.007205555942760006,SVR(C=0.75),,,,1.0,poly,,,,,,,"{'reg__estimator': SVR(C=0.75), 'reg__estimator__C': 1.0, 'reg__estimator__kernel': 'poly'}",-0.13780210967540185,-0.15323594421135586,-0.14400176326272102,-0.1292133845536,-0.13785976462256935,0.14042259326512962,0.007950771096901312,10,SVR(C=0.75)
77,77,0.26564998626708985,0.0063296501993052095,0.05570244789123535,0.006042830705501782,SVR(C=0.75),,,,1.0,rbf,,,,,,,"{'reg__estimator': SVR(C=0.75), 'reg__estimator__C': 1.0, 'reg__estimator__kernel': 'rbf'}",-0.1367699530466807,-0.14144613287855579,-0.13221665156288936,-0.12222557844578971,-0.14129005822574423,0.13478967483193197,0.007140894713467341,3,SVR(C=0.75)
78,78,0.49004106521606444,0.07176622538425376,0.09755115509033203,0.010037478868591718,SVR(C=0.75),,,,1.0,sigmoid,,,,,,,"{'reg__estimator': SVR(C=0.75), 'reg__estimator__C': 1.0, 'reg__estimator__kernel': 'sigmoid'}",-1.6319227651732229,-1.7796602317014893,-2.2844623129724573,-1.5103464286294506,-1.4798264170265107,1.737243631100626,0.29328685657107106,126,SVR(C=0.75)
79,79,3.2984289169311523,0.576848875803982,0.0552269458770752,0.004616496864012619,SVR(C=0.75),,,,1.25,linear,,,,,,,"{'reg__estimator': SVR(C=0.75), 'reg__estimator__C': 1.25, 'reg__estimator__kernel': 'linear'}",-0.15775966982821474,-0.18690575709301235,-0.1858888459838369,-0.15485398862882727,-0.17458181147128132,0.17199801460103453,0.013553745440907965,34,SVR(C=0.75)
80,80,0.21201567649841307,0.008741461336027816,0.05444626808166504,0.004285180085430271,SVR(C=0.75),,,,1.25,poly,,,,,,,"{'reg__estimator': SVR(C=0.75), 'reg__estimator__C': 1.25, 'reg__estimator__kernel': 'poly'}",-0.13867752444227302,-0.1538116044655112,-0.1446263425873362,-0.12928722552825778,-0.13795708298241482,0.1408719560011586,0.008112310592319346,11,SVR(C=0.75)
81,81,0.2200092315673828,0.018219514129816396,0.061614179611206056,0.007645193702680158,SVR(C=0.75),,,,1.25,rbf,,,,,,,"{'reg__estimator': SVR(C=0.75), 'reg__estimator__C': 1.25, 'reg__estimator__kernel': 'rbf'}",-0.13761607053244634,-0.1425037947353117,-0.133093817929119,-0.12229402610146443,-0.14092369393597692,0.13528628064686368,0.007251295471311691,4,SVR(C=0.75)
82,82,0.4337046146392822,0.007589873461805153,0.0898223876953125,0.002893723052467836,SVR(C=0.75),,,,1.25,sigmoid,,,,,,,"{'reg__estimator': SVR(C=0.75), 'reg__estimator__C': 1.25, 'reg__estimator__kernel': 'sigmoid'}",-2.0843606113518858,-2.2002744905101586,-3.0170166223407393,-1.8996680366983905,-1.8529884193778345,2.2108616360558018,0.42211731883694836,127,SVR(C=0.75)
83,83,4.175088500976562,0.5924415168751063,0.05785942077636719,0.005339916633429049,SVR(C=0.75),,,,1.5,linear,,,,,,,"{'reg__estimator': SVR(C=0.75), 'reg__estimator__C': 1.5, 'reg__estimator__kernel': 'linear'}",-0.1612910881025898,-0.18795022360101998,-0.18582813453410227,-0.15609908716595458,-0.1768325113511998,0.17360020895097328,0.012835081481032915,37,SVR(C=0.75)
84,84,0.20845465660095214,0.009694800111626326,0.05946335792541504,0.010754534394694527,SVR(C=0.75),,,,1.5,poly,,,,,,,"{'reg__estimator': SVR(C=0.75), 'reg__estimator__C': 1.5, 'reg__estimator__kernel': 'poly'}",-0.13874099943179527,-0.15384811597538828,-0.14482956741649508,-0.12915857875946254,-0.13795708298241482,0.14090686891311122,0.00817652723662917,12,SVR(C=0.75)
85,85,0.2339322566986084,0.01204383339502762,0.07049107551574707,0.008766627886162642,SVR(C=0.75),,,,1.5,rbf,,,,,,,"{'reg__estimator': SVR(C=0.75), 'reg__estimator__C': 1.5, 'reg__estimator__kernel': 'rbf'}",-0.1377674169873023,-0.14270569420445656,-0.13368314742385481,-0.12245152313536549,-0.1405413869223152,0.13542983373465886,0.007155667349860868,5,SVR(C=0.75)
86,86,0.41728501319885253,0.009833682122311633,0.10713586807250977,0.006860042721359586,SVR(C=0.75),,,,1.5,sigmoid,,,,,,,"{'reg__estimator': SVR(C=0.75), 'reg__estimator__C': 1.5, 'reg__estimator__kernel': 'sigmoid'}",-2.4685508188317304,-2.659551856759901,-3.5006426065480856,-2.2870284773210177,-2.2251734047851306,2.6281894328491733,0.46183446070419476,128,SVR(C=0.75)
87,87,5.1485107898712155,0.47840389733215344,0.06822805404663086,0.012814833483319438,SVR(C=0.75),,,,1.75,linear,,,,,,,"{'reg__estimator': SVR(C=0.75), 'reg__estimator__C': 1.75, 'reg__estimator__kernel': 'linear'}",-0.16225530255171097,-0.1881686909754609,-0.1860610571317669,-0.15668504677201103,-0.17871798657933513,0.174377616802057,0.012692618734130105,39,SVR(C=0.75)
88,88,0.21396541595458984,0.005860341245111651,0.0596346378326416,0.006866632653629054,SVR(C=0.75),,,,1.75,poly,,,,,,,"{'reg__estimator': SVR(C=0.75), 'reg__estimator__C': 1.75, 'reg__estimator__kernel': 'poly'}",-0.13874099943179527,-0.15384811597538828,-0.14482956741649508,-0.12915857875946254,-0.13795708298241482,0.14090686891311122,0.00817652723662917,12,SVR(C=0.75)
89,89,0.25365357398986815,0.010817648193883304,0.059352779388427736,0.009196271960641187,SVR(C=0.75),,,,1.75,rbf,,,,,,,"{'reg__estimator': SVR(C=0.75), 'reg__estimator__C': 1.75, 'reg__estimator__kernel': 'rbf'}",-0.1376708904295999,-0.14296161947161584,-0.13407418045961111,-0.1226456055941882,-0.14069296570690984,0.135609052332385,0.007135325894107348,6,SVR(C=0.75)
90,90,0.46358861923217776,0.006059158730386141,0.0958031177520752,0.00672957748788628,SVR(C=0.75),,,,1.75,sigmoid,,,,,,,"{'reg__estimator': SVR(C=0.75), 'reg__estimator__C': 1.75, 'reg__estimator__kernel': 'sigmoid'}",-2.878934314439501,-3.0878993633898775,-4.091693700224628,-2.6749105569847718,-2.5900319864005916,3.0646939842878735,0.5416657075233979,129,SVR(C=0.75)
91,91,0.08952164649963379,0.004557449709090021,0.13275346755981446,0.013259489720821629,KNeighborsRegressor(),,,,,,brute,3,1.0,uniform,,,"{'reg__estimator': KNeighborsRegressor(), 'reg__estimator__algorithm': 'brute', 'reg__estimator__n_neighbors': 3, 'reg__estimator__p': 1.0, 'reg__estimator__weights': 'uniform'}",-0.17184717513527437,-0.18782483704840067,-0.16763820541290358,-0.1615043340736681,-0.180578101131104,0.1738785305602702,0.009333515007659273,38,KNeighborsRegressor()
92,92,0.09976234436035156,0.013522417992592751,0.14108495712280272,0.005159919430521462,KNeighborsRegressor(),,,,,,brute,3,1.0,distance,,,"{'reg__estimator': KNeighborsRegressor(), 'reg__estimator__algorithm': 'brute', 'reg__estimator__n_neighbors': 3, 'reg__estimator__p': 1.0, 'reg__estimator__weights': 'distance'}",-0.17025799179671006,-0.18640580648130708,-0.16633531689645267,-0.16105326041412849,-0.17929900110714783,0.17267027533914922,0.009094071334583722,35,KNeighborsRegressor()
93,93,0.11042919158935546,0.01467602351214032,0.0,0.0,KNeighborsRegressor(),,,,,,brute,3,1.25,uniform,,,"{'reg__estimator': KNeighborsRegressor(), 'reg__estimator__algorithm': 'brute', 'reg__estimator__n_neighbors': 3, 'reg__estimator__p': 1.25, 'reg__estimator__weights': 'uniform'}",,,,,,,,151,KNeighborsRegressor()
94,94,0.1554096221923828,0.027545990401777142,0.0,0.0,KNeighborsRegressor(),,,,,,brute,3,1.25,distance,,,"{'reg__estimator': KNeighborsRegressor(), 'reg__estimator__algorithm': 'brute', 'reg__estimator__n_neighbors': 3, 'reg__estimator__p': 1.25, 'reg__estimator__weights': 'distance'}",,,,,,,,150,KNeighborsRegressor()
95,95,0.14562716484069824,0.025092717979301557,0.0,0.0,KNeighborsRegressor(),,,,,,brute,3,1.5,uniform,,,"{'reg__estimator': KNeighborsRegressor(), 'reg__estimator__algorithm': 'brute', 'reg__estimator__n_neighbors': 3, 'reg__estimator__p': 1.5, 'reg__estimator__weights': 'uniform'}",,,,,,,,143,KNeighborsRegressor()
96,96,0.129341983795166,0.031892913889983936,0.0,0.0,KNeighborsRegressor(),,,,,,brute,3,1.5,distance,,,"{'reg__estimator': KNeighborsRegressor(), 'reg__estimator__algorithm': 'brute', 'reg__estimator__n_neighbors': 3, 'reg__estimator__p': 1.5, 'reg__estimator__weights': 'distance'}",,,,,,,,142,KNeighborsRegressor()
97,97,0.1267141342163086,0.03327327388127985,0.0,0.0,KNeighborsRegressor(),,,,,,brute,3,1.75,uniform,,,"{'reg__estimator': KNeighborsRegressor(), 'reg__estimator__algorithm': 'brute', 'reg__estimator__n_neighbors': 3, 'reg__estimator__p': 1.75, 'reg__estimator__weights': 'uniform'}",,,,,,,,135,KNeighborsRegressor()
98,98,0.14683976173400878,0.020279561151991927,0.0,0.0,KNeighborsRegressor(),,,,,,brute,3,1.75,distance,,,"{'reg__estimator': KNeighborsRegressor(), 'reg__estimator__algorithm': 'brute', 'reg__estimator__n_neighbors': 3, 'reg__estimator__p': 1.75, 'reg__estimator__weights': 'distance'}",,,,,,,,134,KNeighborsRegressor()
99,99,0.13573942184448243,0.01776520208450114,0.15084342956542968,0.023053628824472025,KNeighborsRegressor(),,,,,,brute,5,1.0,uniform,,,"{'reg__estimator': KNeighborsRegressor(), 'reg__estimator__algorithm': 'brute', 'reg__estimator__n_neighbors': 5, 'reg__estimator__p': 1.0, 'reg__estimator__weights': 'uniform'}",-0.16784015514292108,-0.18699564545073263,-0.16704482737777773,-0.15783694521771896,-0.1682135119774411,0.1695862170333183,0.009513414725478205,32,KNeighborsRegressor()
100,100,0.10377464294433594,0.0065178637351015044,0.15189237594604493,0.013833162053793667,KNeighborsRegressor(),,,,,,brute,5,1.0,distance,,,"{'reg__estimator': KNeighborsRegressor(), 'reg__estimator__algorithm': 'brute', 'reg__estimator__n_neighbors': 5, 'reg__estimator__p': 1.0, 'reg__estimator__weights': 'distance'}",-0.16522454105342918,-0.18524158085048265,-0.16483981332111675,-0.1568888991715628,-0.16710515815512106,0.16785999851034247,0.00937146054673159,28,KNeighborsRegressor()
101,101,0.1251140594482422,0.03409807057537113,0.0,0.0,KNeighborsRegressor(),,,,,,brute,5,1.25,uniform,,,"{'reg__estimator': KNeighborsRegressor(), 'reg__estimator__algorithm': 'brute', 'reg__estimator__n_neighbors': 5, 'reg__estimator__p': 1.25, 'reg__estimator__weights': 'uniform'}",,,,,,,,140,KNeighborsRegressor()
102,102,0.14566688537597655,0.01970154090218244,0.0,0.0,KNeighborsRegressor(),,,,,,brute,5,1.25,distance,,,"{'reg__estimator': KNeighborsRegressor(), 'reg__estimator__algorithm': 'brute', 'reg__estimator__n_neighbors': 5, 'reg__estimator__p': 1.25, 'reg__estimator__weights': 'distance'}",,,,,,,,153,KNeighborsRegressor()
103,103,0.14556374549865722,0.031378573711759054,0.0,0.0,KNeighborsRegressor(),,,,,,brute,5,1.5,uniform,,,"{'reg__estimator': KNeighborsRegressor(), 'reg__estimator__algorithm': 'brute', 'reg__estimator__n_neighbors': 5, 'reg__estimator__p': 1.5, 'reg__estimator__weights': 'uniform'}",,,,,,,,130,KNeighborsRegressor()
104,104,0.1540128231048584,0.02241639182417222,0.0,0.0,KNeighborsRegressor(),,,,,,brute,5,1.5,distance,,,"{'reg__estimator': KNeighborsRegressor(), 'reg__estimator__algorithm': 'brute', 'reg__estimator__n_neighbors': 5, 'reg__estimator__p': 1.5, 'reg__estimator__weights': 'distance'}",,,,,,,,131,KNeighborsRegressor()
105,105,0.16851282119750977,0.007142357903716588,0.0,0.0,KNeighborsRegressor(),,,,,,brute,5,1.75,uniform,,,"{'reg__estimator': KNeighborsRegressor(), 'reg__estimator__algorithm': 'brute', 'reg__estimator__n_neighbors': 5, 'reg__estimator__p': 1.75, 'reg__estimator__weights': 'uniform'}",,,,,,,,132,KNeighborsRegressor()
106,106,0.14013166427612306,0.020198815044193845,0.0,0.0,KNeighborsRegressor(),,,,,,brute,5,1.75,distance,,,"{'reg__estimator': KNeighborsRegressor(), 'reg__estimator__algorithm': 'brute', 'reg__estimator__n_neighbors': 5, 'reg__estimator__p': 1.75, 'reg__estimator__weights': 'distance'}",,,,,,,,133,KNeighborsRegressor()
107,107,0.13406791687011718,0.017857205549664155,0.13112115859985352,0.0053495408116073125,KNeighborsRegressor(),,,,,,brute,7,1.0,uniform,,,"{'reg__estimator': KNeighborsRegressor(), 'reg__estimator__algorithm': 'brute', 'reg__estimator__n_neighbors': 7, 'reg__estimator__p': 1.0, 'reg__estimator__weights': 'uniform'}",-0.16862560200938193,-0.18490083399619722,-0.1690369419996383,-0.15428004641199727,-0.16824370901198518,0.16901742668584,0.009697685822771817,30,KNeighborsRegressor()
108,108,0.1060338020324707,0.018727641816608243,0.15316276550292968,0.012679547895546381,KNeighborsRegressor(),,,,,,brute,7,1.0,distance,,,"{'reg__estimator': KNeighborsRegressor(), 'reg__estimator__algorithm': 'brute', 'reg__estimator__n_neighbors': 7, 'reg__estimator__p': 1.0, 'reg__estimator__weights': 'distance'}",-0.16594072284643688,-0.18328221754513718,-0.16640477941601323,-0.15317753124329367,-0.16682869426801486,0.16712678906377917,0.009566572789346237,27,KNeighborsRegressor()
109,109,0.12423057556152343,0.02174951315552759,0.0,0.0,KNeighborsRegressor(),,,,,,brute,7,1.25,uniform,,,"{'reg__estimator': KNeighborsRegressor(), 'reg__estimator__algorithm': 'brute', 'reg__estimator__n_neighbors': 7, 'reg__estimator__p': 1.25, 'reg__estimator__weights': 'uniform'}",,,,,,,,136,KNeighborsRegressor()
110,110,0.14311046600341798,0.018983763817540723,0.0,0.0,KNeighborsRegressor(),,,,,,brute,7,1.25,distance,,,"{'reg__estimator': KNeighborsRegressor(), 'reg__estimator__algorithm': 'brute', 'reg__estimator__n_neighbors': 7, 'reg__estimator__p': 1.25, 'reg__estimator__weights': 'distance'}",,,,,,,,137,KNeighborsRegressor()
111,111,0.1435934066772461,0.021564176569766984,0.0,0.0,KNeighborsRegressor(),,,,,,brute,7,1.5,uniform,,,"{'reg__estimator': KNeighborsRegressor(), 'reg__estimator__algorithm': 'brute', 'reg__estimator__n_neighbors': 7, 'reg__estimator__p': 1.5, 'reg__estimator__weights': 'uniform'}",,,,,,,,138,KNeighborsRegressor()
112,112,0.1502591609954834,0.02373499205925492,0.0,0.0,KNeighborsRegressor(),,,,,,brute,7,1.5,distance,,,"{'reg__estimator': KNeighborsRegressor(), 'reg__estimator__algorithm': 'brute', 'reg__estimator__n_neighbors': 7, 'reg__estimator__p': 1.5, 'reg__estimator__weights': 'distance'}",,,,,,,,139,KNeighborsRegressor()
113,113,0.15178985595703126,0.026767747090104828,0.0,0.0,KNeighborsRegressor(),,,,,,brute,7,1.75,uniform,,,"{'reg__estimator': KNeighborsRegressor(), 'reg__estimator__algorithm': 'brute', 'reg__estimator__n_neighbors': 7, 'reg__estimator__p': 1.75, 'reg__estimator__weights': 'uniform'}",,,,,,,,141,KNeighborsRegressor()
114,114,0.14431076049804686,0.03110793671829315,0.0,0.0,KNeighborsRegressor(),,,,,,brute,7,1.75,distance,,,"{'reg__estimator': KNeighborsRegressor(), 'reg__estimator__algorithm': 'brute', 'reg__estimator__n_neighbors': 7, 'reg__estimator__p': 1.75, 'reg__estimator__weights': 'distance'}",,,,,,,,152,KNeighborsRegressor()
115,115,0.14952478408813477,0.02283816656795354,0.13261899948120118,0.020693160645375783,KNeighborsRegressor(),,,,,,brute,9,1.0,uniform,,,"{'reg__estimator': KNeighborsRegressor(), 'reg__estimator__algorithm': 'brute', 'reg__estimator__n_neighbors': 9, 'reg__estimator__p': 1.0, 'reg__estimator__weights': 'uniform'}",-0.16936665090128186,-0.17911499208493606,-0.17118844467196614,-0.15314817537065137,-0.1705899495205657,0.16868164250988024,0.008491623095074122,29,KNeighborsRegressor()
116,116,0.10117387771606445,0.006768050095068945,0.16485991477966308,0.008425318666920492,KNeighborsRegressor(),,,,,,brute,9,1.0,distance,,,"{'reg__estimator': KNeighborsRegressor(), 'reg__estimator__algorithm': 'brute', 'reg__estimator__n_neighbors': 9, 'reg__estimator__p': 1.0, 'reg__estimator__weights': 'distance'}",-0.1668309477864693,-0.17778221266863353,-0.16841842206119184,-0.15214095442503547,-0.16872490623493258,0.16677948863525255,0.008268252783200149,26,KNeighborsRegressor()
117,117,0.11603150367736817,0.028349082031651308,0.0,0.0,KNeighborsRegressor(),,,,,,brute,9,1.25,uniform,,,"{'reg__estimator': KNeighborsRegressor(), 'reg__estimator__algorithm': 'brute', 'reg__estimator__n_neighbors': 9, 'reg__estimator__p': 1.25, 'reg__estimator__weights': 'uniform'}",,,,,,,,144,KNeighborsRegressor()
118,118,0.131602144241333,0.016713269403685206,0.0,0.0,KNeighborsRegressor(),,,,,,brute,9,1.25,distance,,,"{'reg__estimator': KNeighborsRegressor(), 'reg__estimator__algorithm': 'brute', 'reg__estimator__n_neighbors': 9, 'reg__estimator__p': 1.25, 'reg__estimator__weights': 'distance'}",,,,,,,,145,KNeighborsRegressor()
119,119,0.14893712997436523,0.036259884225595555,0.0,0.0,KNeighborsRegressor(),,,,,,brute,9,1.5,uniform,,,"{'reg__estimator': KNeighborsRegressor(), 'reg__estimator__algorithm': 'brute', 'reg__estimator__n_neighbors': 9, 'reg__estimator__p': 1.5, 'reg__estimator__weights': 'uniform'}",,,,,,,,146,KNeighborsRegressor()
120,120,0.13688645362854004,0.03032552888769034,0.0,0.0,KNeighborsRegressor(),,,,,,brute,9,1.5,distance,,,"{'reg__estimator': KNeighborsRegressor(), 'reg__estimator__algorithm': 'brute', 'reg__estimator__n_neighbors': 9, 'reg__estimator__p': 1.5, 'reg__estimator__weights': 'distance'}",,,,,,,,147,KNeighborsRegressor()
121,121,0.15469441413879395,0.021786138499080506,0.0,0.0,KNeighborsRegressor(),,,,,,brute,9,1.75,uniform,,,"{'reg__estimator': KNeighborsRegressor(), 'reg__estimator__algorithm': 'brute', 'reg__estimator__n_neighbors': 9, 'reg__estimator__p': 1.75, 'reg__estimator__weights': 'uniform'}",,,,,,,,148,KNeighborsRegressor()
122,122,0.1441093921661377,0.023314433685777215,0.0,0.0,KNeighborsRegressor(),,,,,,brute,9,1.75,distance,,,"{'reg__estimator': KNeighborsRegressor(), 'reg__estimator__algorithm': 'brute', 'reg__estimator__n_neighbors': 9, 'reg__estimator__p': 1.75, 'reg__estimator__weights': 'distance'}",,,,,,,,149,KNeighborsRegressor()
123,123,0.13638858795166015,0.021257398616470656,0.04119729995727539,0.015756874516701096,DecisionTreeRegressor(),,,,,,,,,,mse,1,"{'reg__estimator': DecisionTreeRegressor(), 'reg__estimator__criterion': 'mse', 'reg__estimator__max_depth': 1}",-0.31793022881166644,-0.29723666086856265,-0.30083583526954694,-0.3032072581596189,-0.3165745431686593,0.30715690525561085,0.008470221850165514,91,DecisionTreeRegressor()
124,124,0.15584182739257812,0.023615344032617083,0.028665637969970702,0.006694856718098247,DecisionTreeRegressor(),,,,,,,,,,mse,6,"{'reg__estimator': DecisionTreeRegressor(), 'reg__estimator__criterion': 'mse', 'reg__estimator__max_depth': 6}",-0.21173532871256312,-0.20409075961555262,-0.1951245564070087,-0.19941870610497603,-0.1935429235963808,0.20078245488729624,0.006590793039898663,45,DecisionTreeRegressor()
125,125,0.2093492031097412,0.014093521039937891,0.029867172241210938,0.005739687165915044,DecisionTreeRegressor(),,,,,,,,,,mse,11,"{'reg__estimator': DecisionTreeRegressor(), 'reg__estimator__criterion': 'mse', 'reg__estimator__max_depth': 11}",-0.2162742633773569,-0.22822977396015257,-0.2021369343398885,-0.22448989142878578,-0.2067175891058835,0.21556969044241345,0.009991423901688678,48,DecisionTreeRegressor()
126,126,0.2244957447052002,0.012537304236247129,0.028904438018798828,0.005456902292420651,DecisionTreeRegressor(),,,,,,,,,,mse,16,"{'reg__estimator': DecisionTreeRegressor(), 'reg__estimator__criterion': 'mse', 'reg__estimator__max_depth': 16}",-0.22584673419947537,-0.21706912771208592,-0.2089169126477488,-0.230983419184935,-0.20760476423477134,0.2180841915958033,0.009181883204274125,53,DecisionTreeRegressor()
127,127,0.22072339057922363,0.015911709091073974,0.028070831298828126,0.003711947210406503,DecisionTreeRegressor(),,,,,,,,,,mse,21,"{'reg__estimator': DecisionTreeRegressor(), 'reg__estimator__criterion': 'mse', 'reg__estimator__max_depth': 21}",-0.2367264681763731,-0.21572611081782947,-0.22387985308177658,-0.2313502414663447,-0.2115938204420584,0.22385529879687643,0.009362364213931954,60,DecisionTreeRegressor()
128,128,0.23633894920349122,0.018324751638142164,0.035991859436035153,0.010705314370615863,DecisionTreeRegressor(),,,,,,,,,,mse,26,"{'reg__estimator': DecisionTreeRegressor(), 'reg__estimator__criterion': 'mse', 'reg__estimator__max_depth': 26}",-0.2286598725840719,-0.21514274232209196,-0.21261288350741073,-0.22831247214703973,-0.19763501142906734,0.2164725963979363,0.011491151913633743,49,DecisionTreeRegressor()
129,129,0.21647276878356933,0.014227299684524403,0.04198994636535645,0.015675507924037303,DecisionTreeRegressor(),,,,,,,,,,mse,31,"{'reg__estimator': DecisionTreeRegressor(), 'reg__estimator__criterion': 'mse', 'reg__estimator__max_depth': 31}",-0.22018779511548733,-0.2224962793699294,-0.20260827005274573,-0.2400068121072418,-0.20975663242124484,0.2190111578133298,0.012720448215009042,55,DecisionTreeRegressor()
130,130,0.22101936340332032,0.01189611495332934,0.03496408462524414,0.009853430165371569,DecisionTreeRegressor(),,,,,,,,,,mse,36,"{'reg__estimator': DecisionTreeRegressor(), 'reg__estimator__criterion': 'mse', 'reg__estimator__max_depth': 36}",-0.22065054458273417,-0.213321719037086,-0.2197004490587491,-0.2193114623676778,-0.2125126404050999,0.2170993630902694,0.003451913701243341,51,DecisionTreeRegressor()
131,131,0.2164677619934082,0.008087688346009245,0.037779617309570315,0.009768833830662767,DecisionTreeRegressor(),,,,,,,,,,mse,41,"{'reg__estimator': DecisionTreeRegressor(), 'reg__estimator__criterion': 'mse', 'reg__estimator__max_depth': 41}",-0.2259840077079894,-0.2169417798276897,-0.20877945602096726,-0.23095298078568446,-0.22020989125216134,0.22057362311889844,0.0076082624964395554,58,DecisionTreeRegressor()
132,132,0.21341485977172853,0.005017041896950039,0.0515073299407959,0.00838922651506087,DecisionTreeRegressor(),,,,,,,,,,mse,46,"{'reg__estimator': DecisionTreeRegressor(), 'reg__estimator__criterion': 'mse', 'reg__estimator__max_depth': 46}",-0.2209406576529882,-0.21617006383111753,-0.21775885754065702,-0.2285478763959419,-0.20879320559385486,0.2184421322029119,0.006435831551195158,54,DecisionTreeRegressor()
133,133,0.12271671295166016,0.036423026823575455,0.029794692993164062,0.004833736539006031,DecisionTreeRegressor(),,,,,,,,,,friedman_mse,1,"{'reg__estimator': DecisionTreeRegressor(), 'reg__estimator__criterion': 'friedman_mse', 'reg__estimator__max_depth': 1}",-0.31793022881166644,-0.29723666086856265,-0.30083583526954694,-0.3032072581596189,-0.3165745431686593,0.30715690525561085,0.008470221850165514,91,DecisionTreeRegressor()
134,134,0.1309650421142578,0.020940671348473335,0.042943143844604494,0.009032567166109616,DecisionTreeRegressor(),,,,,,,,,,friedman_mse,6,"{'reg__estimator': DecisionTreeRegressor(), 'reg__estimator__criterion': 'friedman_mse', 'reg__estimator__max_depth': 6}",-0.22094516016963045,-0.20508370093058248,-0.18948623675302623,-0.1920564298636577,-0.1923684525707204,0.19998799605752343,0.01180189026808548,44,DecisionTreeRegressor()
135,135,0.1877582550048828,0.009351720186531824,0.04373040199279785,0.01171284353795594,DecisionTreeRegressor(),,,,,,,,,,friedman_mse,11,"{'reg__estimator': DecisionTreeRegressor(), 'reg__estimator__criterion': 'friedman_mse', 'reg__estimator__max_depth': 11}",-0.2122673083753433,-0.21622240451728758,-0.2085150241567723,-0.21849815744209078,-0.20690955253483237,0.21248248940526526,0.004404995702832977,47,DecisionTreeRegressor()
136,136,0.2186445713043213,0.005314334747853535,0.03588399887084961,0.007695469448744513,DecisionTreeRegressor(),,,,,,,,,,friedman_mse,16,"{'reg__estimator': DecisionTreeRegressor(), 'reg__estimator__criterion': 'friedman_mse', 'reg__estimator__max_depth': 16}",-0.2262738448144871,-0.22614561600947977,-0.21440856507239175,-0.2213704338091905,-0.2085276634934783,0.21934522463980546,0.006924490007568383,57,DecisionTreeRegressor()
137,137,0.213828706741333,0.003763197679176283,0.04132623672485351,0.011310928312144076,DecisionTreeRegressor(),,,,,,,,,,friedman_mse,21,"{'reg__estimator': DecisionTreeRegressor(), 'reg__estimator__criterion': 'friedman_mse', 'reg__estimator__max_depth': 21}",-0.23477236315868108,-0.21388301305400792,-0.20918649822132496,-0.23520705531705713,-0.20277380474582532,0.2191645468993793,0.013394614501665255,56,DecisionTreeRegressor()
138,138,0.2260460376739502,0.004012679181088417,0.03287491798400879,0.004198211398393976,DecisionTreeRegressor(),,,,,,,,,,friedman_mse,26,"{'reg__estimator': DecisionTreeRegressor(), 'reg__estimator__criterion': 'friedman_mse', 'reg__estimator__max_depth': 26}",-0.22694049562616794,-0.21146668856168344,-0.21713295972580784,-0.23310312172919645,-0.20028266664321295,0.21778518645721373,0.011533827137427198,52,DecisionTreeRegressor()
139,139,0.20500707626342773,0.006020524717786234,0.050396966934204104,0.007475168708648423,DecisionTreeRegressor(),,,,,,,,,,friedman_mse,31,"{'reg__estimator': DecisionTreeRegressor(), 'reg__estimator__criterion': 'friedman_mse', 'reg__estimator__max_depth': 31}",-0.21781487156333385,-0.21842524323047446,-0.211853238098816,-0.24159493785463232,-0.21442328828406396,0.2208223158062641,0.01065536871933025,59,DecisionTreeRegressor()
140,140,0.21370797157287597,0.007020230253434636,0.049543571472167966,0.00999798985139051,DecisionTreeRegressor(),,,,,,,,,,friedman_mse,36,"{'reg__estimator': DecisionTreeRegressor(), 'reg__estimator__criterion': 'friedman_mse', 'reg__estimator__max_depth': 36}",-0.2380655627404326,-0.22488849389686083,-0.21745032020630536,-0.23457467028592172,-0.20697398307850678,0.22439060604160543,0.011335553100559077,62,DecisionTreeRegressor()
141,141,0.21899237632751464,0.011213659140148331,0.0442540168762207,0.012663767387138262,DecisionTreeRegressor(),,,,,,,,,,friedman_mse,41,"{'reg__estimator': DecisionTreeRegressor(), 'reg__estimator__criterion': 'friedman_mse', 'reg__estimator__max_depth': 41}",-0.2316978485279238,-0.21206219529896786,-0.22293586614897778,-0.24219058662331527,-0.21564931603571977,0.2249071625269809,0.010949128540770419,64,DecisionTreeRegressor()
142,142,0.21828536987304686,0.012732475178900114,0.040208959579467775,0.011155461235404089,DecisionTreeRegressor(),,,,,,,,,,friedman_mse,46,"{'reg__estimator': DecisionTreeRegressor(), 'reg__estimator__criterion': 'friedman_mse', 'reg__estimator__max_depth': 46}",-0.22140259624429698,-0.20812366197628987,-0.2143273336609779,-0.23202743523015495,-0.20846623160855188,0.2168694517440543,0.008987537750473496,50,DecisionTreeRegressor()
143,143,0.7063060283660889,0.017049978448467833,0.0238800048828125,0.0031897363104202475,DecisionTreeRegressor(),,,,,,,,,,mae,1,"{'reg__estimator': DecisionTreeRegressor(), 'reg__estimator__criterion': 'mae', 'reg__estimator__max_depth': 1}",-0.3348263287232367,-0.30684451314543737,-0.29410423486460235,-0.30065960747102455,-0.33774691710903,0.31483632026266617,0.01799535172003366,93,DecisionTreeRegressor()
144,144,1.4371448040008545,0.032475835461966265,0.022341156005859376,0.001766387427172955,DecisionTreeRegressor(),,,,,,,,,,mae,6,"{'reg__estimator': DecisionTreeRegressor(), 'reg__estimator__criterion': 'mae', 'reg__estimator__max_depth': 6}",-0.20929066077486208,-0.22231079613603177,-0.22395381194457167,-0.19117390837013715,-0.20489726603748185,0.21032528865261693,0.012055689842015238,46,DecisionTreeRegressor()
145,145,1.6714625358581543,0.04083018601233402,0.023636436462402342,0.003026997166254098,DecisionTreeRegressor(),,,,,,,,,,mae,11,"{'reg__estimator': DecisionTreeRegressor(), 'reg__estimator__criterion': 'mae', 'reg__estimator__max_depth': 11}",-0.21449771221616118,-0.24301156372652777,-0.22378916122939624,-0.20377696192987246,-0.2360548755710548,0.22422605493460251,0.014183182090730273,61,DecisionTreeRegressor()
146,146,1.708517074584961,0.03550233508953835,0.022353267669677733,0.0014706755586645272,DecisionTreeRegressor(),,,,,,,,,,mae,16,"{'reg__estimator': DecisionTreeRegressor(), 'reg__estimator__criterion': 'mae', 'reg__estimator__max_depth': 16}",-0.23120074705318866,-0.2565755087499148,-0.22956397965243205,-0.20989855607310806,-0.2386428796169558,0.23317633422911985,0.015074557989472269,69,DecisionTreeRegressor()
147,147,1.7157185554504395,0.0434018271709314,0.022173166275024414,0.0016393113293560794,DecisionTreeRegressor(),,,,,,,,,,mae,21,"{'reg__estimator': DecisionTreeRegressor(), 'reg__estimator__criterion': 'mae', 'reg__estimator__max_depth': 21}",-0.22810688544221375,-0.2619013026466777,-0.21471785233526064,-0.21773148514580568,-0.23109572297652634,0.23071064970929683,0.01675716551838636,66,DecisionTreeRegressor()
148,148,1.7218064785003662,0.032385760974248445,0.021385002136230468,0.0006546943863133786,DecisionTreeRegressor(),,,,,,,,,,mae,26,"{'reg__estimator': DecisionTreeRegressor(), 'reg__estimator__criterion': 'mae', 'reg__estimator__max_depth': 26}",-0.23818427108054965,-0.2450250992416407,-0.2044389293656814,-0.20625384753492756,-0.2282918542880662,0.2244388003021731,0.016481911543178553,63,DecisionTreeRegressor()
149,149,1.7162606239318847,0.032863816254529464,0.023785972595214845,0.0019995261434859603,DecisionTreeRegressor(),,,,,,,,,,mae,31,"{'reg__estimator': DecisionTreeRegressor(), 'reg__estimator__criterion': 'mae', 'reg__estimator__max_depth': 31}",-0.23204052552347396,-0.25468984075807666,-0.2234156495217004,-0.2125758071966016,-0.23686618545362856,0.23191760169069625,0.014067456547685028,68,DecisionTreeRegressor()
150,150,1.7156196594238282,0.027616749270665077,0.020859432220458985,0.0008181850143151684,DecisionTreeRegressor(),,,,,,,,,,mae,36,"{'reg__estimator': DecisionTreeRegressor(), 'reg__estimator__criterion': 'mae', 'reg__estimator__max_depth': 36}",-0.23929781234268233,-0.2574175692206636,-0.22629322139208333,-0.23096695517441776,-0.2355986810457028,0.23791484783511,0.010686147804273021,70,DecisionTreeRegressor()
151,151,1.7191394329071046,0.030849459005460475,0.021268224716186522,0.0009468457558677167,DecisionTreeRegressor(),,,,,,,,,,mae,41,"{'reg__estimator': DecisionTreeRegressor(), 'reg__estimator__criterion': 'mae', 'reg__estimator__max_depth': 41}",-0.2361447797410257,-0.2474127366219345,-0.22407039019775996,-0.227678358091573,-0.22254157062760888,0.2315695670559804,0.009217618708486659,67,DecisionTreeRegressor()
152,152,1.5652950763702393,0.2439438197242703,0.017980575561523438,0.00444139932844291,DecisionTreeRegressor(),,,,,,,,,,mae,46,"{'reg__estimator': DecisionTreeRegressor(), 'reg__estimator__criterion': 'mae', 'reg__estimator__max_depth': 46}",-0.224444252917857,-0.24849674896640658,-0.23411745306858728,-0.21618942104283145,-0.2174246965390815,0.2281345145069528,0.012011824469093354,65,DecisionTreeRegressor()
